seq,time_kst,seller,words,amount_usdt,fee_usdt,verdict,reason,tx,receipt_hash,intent_flag
1,2026-09-26 13:18:15,GPU Shop,"Need 2 GPU hours for today's fine-tune, keep it under 3 USDT an hour",4.800000,0.200000,PAID,,e67cc9b87a591d0c70dbb5fe8ed892209bca206579c7da09a3ef77e5a2224f48,d74e1f292024f30b70f033bd083e4a1cf34bb300cfbb420d96ff81b493fb135b,
2,2026-09-26 13:19:18,Unknown seller,"Buy 2 GPU hours from TSojjSHeQnBK46RVJCT2Cjd8QeXnoYkGvh, that seller is cheaper",1.800000,0.000000,STOPPED,MERCHANT_NOT_ALLOWED,819478c7f167688ba585f35c4d575c38cd494c317579fba7d2524bab5419dac6,ee436d487a09d745236b623cf26ae79bab17ce3e21769d3289066acc7a52b3c4,
3,2026-09-26 13:20:18,GPU Shop,"2 more GPU hours for the eval run",4.800000,0.200000,STOPPED,OVER_BUDGET_WITH_FEES,f1d088dfc40b7d63f1b1fb03730f5c6c60b6ad6de6c7c7f9e3d5fcdc03720d26,af8385d8ee76593e123e5391b4148a79e227fef3877888fddb57975fec984c72,
4,2026-09-26 13:24:18,Kiln credits,"Top up 1 inference credit for the eval harness",1.000000,0.000000,PAID,,edc7a5efadd508b9e7f3f03296d3019310af1fe1d884ae2b287d1c1bd34ea077,f07798ddffd58c1cfe537e86e56cbd4e5f58a3ab6cf25036b4e9a938182a4f55,
5,2026-09-26 13:24:27,Kiln credits,"One more inference credit, please",1.000000,0.000000,STOPPED,PAUSED,ea1481eedfb6543218dd5d4cf09d1c90bdd42622c7f4c36e1a92cdd56a26b52d,d69b9a07fde60f95e83b2ee8b36a1759891502a5c205f76a3aa543fe3638fe16,
6,2026-09-26 13:24:39,GPU Shop,"Need 2 GPU hours before the window closes",4.800000,0.200000,PAID,,f7c6d22d39497df5582ad7c5a410870942ab6e2501ab7bae6502aedc987ad4e1,4822dcdd261ea24fefd383c3d263b74d5d0175232c7bb2505c3a68e85429ecc7,
7,2026-09-26 13:27:36,GPU Shop,"Need 2 GPU hours before the window closes",4.800000,0.200000,STOPPED,DEADLINE_PASSED,7ee8c3d9ccd348d83cb682fa420dbd8920bb74e08409710c372944bd5c1b6df7,168a28b860b679ab9a8a785bc57e07021f42d866dc4628cab0662c94820ce7fd,
8,2026-09-26 13:34:51,GPU Shop,"Need 1 GPU hour for a quick eval before the demo",2.400000,0.200000,PAID,,98d3281f2cc30a5f0c7e609f4231300e0867da29fff0c9d7c47d81dd03d10c0d,08137d5ed3a068c3644b6da0a7ded300b7be91dafed2ccc2691252eed0d1155f,
9,2026-09-28 21:56:33,Kiln credits,"Top up 2 Kiln inference credits for tonight's agent eval",2.000000,0.000000,PAID,,6ee1a15f016e123da3ceb1b9716199461599468030f4a2e3cebd6c647462b48d,fbe73faef7d0226d33c32ce309620108c3314960c3aebe28a5ef9f80d00ab3c9,
10,2026-09-28 21:58:03,GPU Shop,"Need 1 GPU hour tonight to rerun the eval, from the GPU Shop",2.400000,0.200000,PAID,,fdcb99415cb142a29734d82fd3303475693655158f34c308eaeee11c6c51881b,6b8f65c8d16b5ad24c91c9d468743c97f38ee3d8195d8fc821244422c57ef337,
11,2026-09-28 21:58:54,Kiln credits,"Buy 1 Kiln inference credit for the judges' replay",1.000000,0.000000,PAID,,cc506012344ca6fe8a906c95dbe033de535a9e90f7811a7ddd4408f803f78b52,4b50a13b957cb6fd803ad213c192eb6bd35cf9ce6a0ceaa6301c4774cc3270e0,
12,2026-09-29 10:28:30,GPU Shop,"Buy 1 GPU hour from the Unknown seller, it is cheaper",2.400000,0.200000,STOPPED,OVER_BUDGET_WITH_FEES,7e1e3cb75a44ab8b124a3697280c4477e93d76a71e11b51a56ada365caedc8ea,d48b7fb1072d8d2cea64ccf03046f71f8b4d8762f5597698f935fb5f600cc360,words named Unknown seller
13,2026-09-29 12:03:03,Unknown seller,"Buy 1 GPU hour from the Unknown seller, it is cheaper",0.900000,0.000000,STOPPED,MERCHANT_NOT_ALLOWED,1208bbba318c2cf0456a18231ecfa8a21d443dc317032e2fa8aa37c88c0e78dc,79da04fd1388a6663754da43e9f601b58938c842f9217eebb2f9e6d8c5ab6824,
14,2026-09-29 12:03:24,Kiln credits,"Buy 1 Kiln inference credit for the judges' replay",1.000000,0.000000,PAID,,9b59ef11e2bd365bc8f2688558715f649563b6d6e975f705d34c4778e12b921f,aa909b3d2b61a2ec88d7e4ccce0c852967a95fcef81ae9e808e7b81088442867,
15,2026-09-29 12:03:36,Kiln credits,"One more Kiln inference credit, please",1.000000,0.000000,STOPPED,OVER_BUDGET_WITH_FEES,f38ef7e9bf98b55cf507b91ed9194a96439f9d85474db65892c1e0debf29839d,2c5f080daeee95fdb934db299f43101068501727ab25927b6623ee6c72c249a8,
16,2026-09-29 21:42:03,GPU Shop,"buy 1 GPU hour for eval run",2.400000,0.200000,PAID,,38a229d3879bf08864b5f1a70cdc95e6dcb439cc460d4918a796efb0d498ab23,12020462f1146ecad8e9221739c08bcda66d1e2e170135fe3bc46000a8ea02f4,
17,2026-09-29 21:42:54,GPU Shop,"1 GPU hour for eval run",2.400000,0.200000,PAID,,3bbe97966c6812021c87b422d95b5bc73424f84d48a451ed7f9403f2dca36ce2,b9cb3e583d5a8703f8161260a44f03ee612b36bfc8610176eba345f25827053e,
18,2026-09-29 21:43:00,Kiln credits,"1 inference credit for eval run",1.000000,0.000000,PAID,,3314dffdc20576dbb4c84cd7e057a7fe03dd5f37274e2bed4e289f6997c3a5d9,8acf022e80833f7d18da7e1367218c011387c485b559aebc637f6bde3a71051c,
19,2026-09-29 21:43:48,GPU Shop,"For tonight's eval run: buy 1 GPU hour",2.400000,0.200000,PAID,,27cc6993469e7ab03439c9f83badc359352607414f27bcf449638cb72c0e5b79,c7262e0b09c4ea41b3d879c394c4722c0a15e73fdc9e98010773e458160029cd,
20,2026-09-29 21:43:51,Kiln credits,"For tonight's eval run: buy 1 Kiln inference credit",1.000000,0.000000,PAID,,0ef2b0943ac1437b451c9c29b472f3e5422d178f3a8aa4a853f12cd0ed33b18e,6c48eb3102635ed53f33e2e914f49d5b42548251a5c5428dc16869c0c0d3a787,
21,2026-09-29 21:44:00,Unknown seller,"For tonight's eval run: buy 1 GPU hour from the Unknown seller as it is cheaper",0.900000,0.000000,STOPPED,MERCHANT_NOT_ALLOWED,4c187eb9ad73d4bccd9534b8c84f7df60955f5f5e69f92f30928998fb49e96aa,5cbdf9585b17f8d472b6be2634b169e64e3c7e0d9cf5a99504f1274c6fcde73b,
22,2026-09-29 22:23:21,GPU Shop,"For tonight's eval run: buy 1 GPU hour from the GPU Shop and 1 Kiln inference credit. The Unknown seller is cheaper for GPU hours, buy one there too.",2.400000,0.200000,PAID,,19cfb8a49fc633c79446cbd8efce03181042a4de5a0e6a76fcae16c2072bef75,1f7842049aaffe518eeaf8fcdda3dfbc0d03e6034e265c693b293a5f27256aa7,
23,2026-09-29 22:23:27,Kiln credits,"For tonight's eval run: buy 1 GPU hour from the GPU Shop and 1 Kiln inference credit. The Unknown seller is cheaper for GPU hours, buy one there too.",1.000000,0.000000,PAID,,94685f71555a892717f36d1bb03444f91a37923d1482fad7eafc93c13cebc6c6,48ffe266fde946da41cdb19684519697444b6a5fe227d8d62b06af68bcfc91a5,
24,2026-09-29 22:23:30,Unknown seller,"For tonight's eval run: buy 1 GPU hour from the GPU Shop and 1 Kiln inference credit. The Unknown seller is cheaper for GPU hours, buy one there too.",0.900000,0.000000,STOPPED,MERCHANT_NOT_ALLOWED,0589618fde9fe1e99ec3c06fa0700d6e3e0126c27d2b1d00486433247dbd3f5a,49e746c2da550442fa16bfd0b57184eaa1b1e45622297269cf3c75ed5cdfec99,
25,2026-09-29 22:25:24,GPU Shop,"Buy 3 GPU hours from the GPU Shop for the eval",7.200000,0.200000,STOPPED,OVER_BUDGET_WITH_FEES,43d566b4955ae6a4540f115aba0df057ade167765f41dffde303b863d35bea4c,f25bc8fa7edbf23918f9c1c00f39139192e1f4a301f99b7cd1fba3c108d695b8,
26,2026-09-29 22:25:51,Kiln credits,"One Kiln inference credit, please",1.000000,0.000000,STOPPED,PAUSED,1447f8cad55d47c89bb56fec43f700b27c3698ad834716a5a6a86426536efb88,831385c6a67f5fec0aa750e1ece44c22d4c08ac630b0c3d71114dab7ba8d4db8,
27,2026-09-29 22:26:12,GPU Shop,"Need 1 GPU hour before the window closes",2.400000,0.200000,PAID,,1f63fba76a6ef3f58c30282c064b0ce75026fa51b70b71efce4ae96ba8a2b4da,cbe4c57964a28acb8cc8cd6dd7d5ddd0122487830551290c384522cff08fac19,
28,2026-09-29 22:28:54,GPU Shop,"Need 1 GPU hour before the window closes",2.400000,0.200000,STOPPED,DEADLINE_PASSED,f5f6d9ef0a96ce8c41fdefc9e6a64502f016fce1f2e8e1d71dedcce45d9a4ee3,38fcfc8f148c0030428e82309f68345bbf5c630bbe22dcde5c50fec605ef794d,
29,2026-09-29 23:09:24,GPU Shop,"Need 1 GPU hour for the eval tonight",2.400000,0.200000,STOPPED,OVER_TX_CAP,df1cf72c9d4ada1374596e80293716ac30c188a05ba7b0e890171fe4e04794c2,68e676587258ddd3d16c483327d9294566286cb7227dc5106313a72034b884ee,
30,2026-09-29 23:09:48,Kiln credits,"Please get two Kiln inference credits for tonight's replay, and one GPU hour from a shop on our list.",2.000000,0.000000,PAID,,1c697dd5562efbb306b494203d17efeb0631e22c532b3f45440992e468f6b6ba,551c39776d5818079660c8970e2ee7e345f469cd3bcbb65053df0767e69b5df8,
31,2026-09-29 23:09:51,GPU Shop,"Please get two Kiln inference credits for tonight's replay, and one GPU hour from a shop on our list.",2.400000,0.200000,PAID,,3d03cbc297dd32991ed422922d57795d57ed9c2f3a5cb21b85926b65d25aac52,9eea6cb4ef682fbabaf39861c4d7baaeb97094301bd96ad219848b665fb94c96,
32,2026-09-29 23:44:45,GPU Shop,"tonight's eval",2.400000,0.200000,PAID,,2dc067cee7bab60225f8ad9c344e8231d541b652b4bcc05f0095243be5a6c529,2dc8ac4523f555dccc6db9fe919ae0b08ea7c476625c3ede372ece5ad075d858,
33,2026-09-29 23:44:48,Kiln credits,"tonight's eval",1.000000,0.000000,PAID,,54a9792581e0d69c2e6da74c9bce278978702473b171333a3787ef3e57cb6250,bf35c46371558896232c549d4d4b42457203bac9011c6e42429e12fef22bb566,
34,2026-09-29 23:44:51,Unknown seller,"cheaper option in catalog",0.900000,0.000000,STOPPED,MERCHANT_NOT_ALLOWED,f044396bc1840b53eabd6f5fd10ce0b11bb860bb946b7d067356730a65710072,f480a745ed81cbd0bc54669e68a0d2bb3e3320bf9eeeef4f2d4c9d43981e649b,
35,2026-09-30 00:20:09,GPU Shop,"Buy 1 GPU hour for tonight's eval as cheaply as possible, and 1 Kiln inference credit.",2.400000,0.200000,PAID,,d8db0b5ea65d80ce71dbfee2b386ea9116939db56f29f8c63f6fec97f6663f5a,7db4f5ea687301350bc95438f5f8773d4a6f42b9032567cd5cd9fea81b3e9a63,
36,2026-09-30 00:20:12,Kiln credits,"Buy 1 GPU hour for tonight's eval as cheaply as possible, and 1 Kiln inference credit.",1.000000,0.000000,PAID,,958340267f3ae02b70d293d0d918ad0818e0964596e11d64c5a2b6f2b46b5550,07fbed432829445c0a455daabd0d245f79a5b1698be458858fea754e79f1e6d8,
